<?xml version="1.0" encoding="UTF-8"?>
<inboundEndpoint xmlns="http://ws.apache.org/ns/synapse"
                 name="EventBasedInboundEndpoint"
                 sequence="main"
                 onError="fault"
                 protocol="mqtt"
                 suspend="false">
	<parameters>
		<parameter name="sequential">true</parameter>
		<parameter name="coordination">true</parameter>
		<parameter name="mqtt.connection.factory">mqttConFactory</parameter>
		<parameter name="mqtt.server.host.name">localhost</parameter>
		<parameter name="mqtt.server.port">1883</parameter>
		<parameter name="mqtt.topic.name">ei.test</parameter>
		<parameter name="content.type">application/xml</parameter>
		<parameter name="mqtt.subscription.qos">0</parameter>
		<parameter name="mqtt.session.clean">true</parameter>
		<parameter name="mqtt.ssl.enable">false</parameter>
	</parameters>
</inboundEndpoint>
